{
   "scan_scene_mode" : "buildonly",
   "scan_asset_mode" : "targetonlywithdepends",
   "scan_asset_dirs" : [
      "Assets"
   ],
   "scan_asset_filter_dirs" : [

   ],
   "UwaProjScan.ScanRule.SceneCheck.Editor_MobileFog" : "true",
   "UwaProjScan.ScanRule.SceneCheck.Scene_UndifinedTag" : "true",
   "UwaProjScan.ScanRule.SceneCheck.Scene_MultipleAudioListeners" : "true",
   "UwaProjScan.ScanRule.SceneCheck.Scene_ShadowResolution" : "true",
   "UwaProjScan.ScanRule.SceneCheck.Scene_MeshCollider" : "true",
   "UwaProjScan.ScanRule.SceneCheck.Scene_StaticRigidBody" : "true",
   "UwaProjScan.ScanRule.SceneCheck.Scene_RigidBody" : "true",
   "UwaProjScan.ScanRule.SceneCheck.Scene_CanvasChildren" : "true",
   "UwaProjScan.ScanRule.SceneCheck.Scene_UIOutside" : "true",
   "UwaProjScan.ScanRule.SceneCheck.Scene_PrefabType" : "true",
   "UwaProjScan.ScanRule.ProjectAssets.VideoClip.Video_SizeLimit" : "true",
   "UwaProjScan.ScanRule.ProjectAssets.Texture2D.Texture_AlphaAllOne" : "true",
   "UwaProjScan.ScanRule.ProjectAssets.Texture2D.Texture_CompressionFormat" : "true",
   "UwaProjScan.ScanRule.ProjectAssets.Texture2D.Texture_EdgeTransparent" : "true",
   "UwaProjScan.ScanRule.ProjectAssets.Texture2D.Texture_FilterMode" : "true",
   "UwaProjScan.ScanRule.ProjectAssets.Texture2D.Texture_PureColor" : "true",
   "UwaProjScan.ScanRule.ProjectAssets.Texture2D.Texture_Resolution" : "true",
   "UwaProjScan.ScanRule.ProjectAssets.Texture2D.Texture_RW" : "true",
   "UwaProjScan.ScanRule.ProjectAssets.Texture2D.Texture_SpriteMipmap" : "true",
   "UwaProjScan.ScanRule.ProjectAssets.Texture2D.Texture_WrapMode" : "true",
   "UwaProjScan.ScanRule.ProjectAssets.Shaders.Shader_TextureNumber" : "true",
   "UwaProjScan.ScanRule.ProjectAssets.Prefab.Animator_OptimizeGameObjects" : "true",
   "UwaProjScan.ScanRule.ProjectAssets.Prefab.PS_TextureCount" : "true",
   "UwaProjScan.ScanRule.ProjectAssets.Prefab.PS_TextureSize" : "true",
   "UwaProjScan.ScanRule.ProjectAssets.Prefab.PS_MeshSize" : "true",
   "UwaProjScan.ScanRule.ProjectAssets.Prefab.PS_MeshEmitCount" : "true",
   "UwaProjScan.ScanRule.ProjectAssets.Prefab.PS_MeshRW" : "true",
   "UwaProjScan.ScanRule.ProjectAssets.Prefab.PS_MaxParticle" : "true",
   "UwaProjScan.ScanRule.ProjectAssets.Prefab.SkinnedMeshRenderer_MotionVector" : "true",
   "UwaProjScan.ScanRule.ProjectAssets.Prefab.UIImage_Tiled" : "true",
   "UwaProjScan.ScanRule.ProjectAssets.Prefab.UIImage_Unvisible" : "true",
   "UwaProjScan.ScanRule.ProjectAssets.Prefab.UIText_Outline" : "true",
   "UwaProjScan.ScanRule.ProjectAssets.Prefab.UIRawImage_DefaultTexture" : "true",
   "UwaProjScan.ScanRule.ProjectAssets.Prefab.UIRawImage_Unvisible" : "true",
   "UwaProjScan.ScanRule.ProjectAssets.Mesh.Mesh_RW" : "true",
   "UwaProjScan.ScanRule.ProjectAssets.Mesh.Mesh_OptimizeMesh" : "true",
   "UwaProjScan.ScanRule.ProjectAssets.Mesh.Mesh_Tangent" : "true",
   "UwaProjScan.ScanRule.ProjectAssets.Mesh.Mesh_Normal" : "true",
   "UwaProjScan.ScanRule.ProjectAssets.Mesh.Mesh_Color" : "true",
   "UwaProjScan.ScanRule.ProjectAssets.Mesh.Mesh_UV2" : "true",
   "UwaProjScan.ScanRule.ProjectAssets.Mesh.Mesh_TriangleLimit" : "true",
   "UwaProjScan.ScanRule.ProjectAssets.Material.Mat_EmptyTex" : "true",
   "UwaProjScan.ScanRule.ProjectAssets.Material.Mat_UselessTex" : "true",
   "UwaProjScan.ScanRule.ProjectAssets.Material.Mat_EqualTex" : "true",
   "UwaProjScan.ScanRule.ProjectAssets.Material.Mat_PureColorTex" : "true",
   "UwaProjScan.ScanRule.ProjectAssets.AudioClip.Audio_Streaming" : "true",
   "UwaProjScan.ScanRule.ProjectAssets.AudioClip.Audio_FormatPCM" : "true",
   "UwaProjScan.ScanRule.ProjectAssets.Animation.AnimationClip_FloatFormat" : "true",
   "UwaProjScan.ScanRule.ProjectAssets.Animation.AnimationClip_ScaleCurve" : "true",
   "UwaProjScan.ScanRule.ProjectAssets.Animation.AnimationClip_Compression" : "true",
   "UwaProjScan.ScanRule.ProjectAssets.Animation.AnimatorController_AnimatorClipNumber" : "true",
   "UwaProjScan.ScanRule.EditorSettings.Editor_BuildIcons" : "true",
   "UwaProjScan.ScanRule.EditorSettings.Editor_CompanyName" : "true",
   "UwaProjScan.ScanRule.EditorSettings.IncludeShader" : "true",
   "UwaProjScan.ScanRule.CodeAnalysis.TagCompare" : "true",
   "UwaProjScan.ScanRule.CodeAnalysis.EmptyBodyUpdate" : "true",
   "UwaProjScan.ScanRule.CodeAnalysis.OnGUIUsage" : "true",
   "UwaProjScan.ScanRule.CodeAnalysis.GetPixelsCall" : "true",
   "UwaProjScan.ScanRule.CodeAnalysis.Get_mainCall" : "true",
   "UwaProjScan.ScanRule.CodeAnalysis.GetComponentsInChildrenCall" : "true",
   "UwaProjScan.ScanRule.CodeAnalysis.GetComponentsInParentCall" : "true",
   "UwaProjScan.ScanRule.CodeAnalysis.Get_materialCall" : "true",
   "UwaProjScan.ScanRule.CodeAnalysis.UsingLinq" : "true",
   "UwaProjScan.ScanRule.CodeAnalysis.UsingReflection" : "true",
   "UwaProjScan.ScanRule.CodeAnalysis.GetDataCall" : "true",
   "UwaProjScan.ScanRule.CodeAnalysis.SetPixelsCall" : "true",
   "UwaProjScan.ScanRule.CodeAnalysis.SendMessageCall" : "true",
   "UwaProjScan.ScanRule.CodeAnalysis.OnGUICall" : "true",
   "UwaProjScan.ScanRule.CodeAnalysis.Get_sharedMaterialsCall" : "true",
   "UwaProjScan.ScanRule.CodeAnalysis.Get_touchesCall" : "true",
   "UwaProjScan.ScanRule.CodeAnalysis.Get_customStylesCall" : "true",
   "UwaProjScan.ScanRule.CodeAnalysis.FindObjectsOfTypeCall" : "true",
   "UwaProjScan.ScanRule.CodeAnalysis.Get_bytesCall" : "true"
}